"数据接口(authority)","归属App","包名","类型","实测结果","需要权限","样例数据"
"weather;weatherinfo","天气","com.miui.weather2","第三方","无响应","",""
"com.android.soundrecorder.provider.bugreport","录音机","com.android.soundrecorder","第三方","需要权限","com.miui.bugreport.permission.DUMP_CACHED_LOG",""
"com.miui.mediaeditor.selfupdate.fileprovider","相册编辑","com.miui.mediaeditor","第三方","未导出（第三方读不到）","—",""
"com.miui.gallery.provider.bugreport","相册","com.miui.gallery","第三方","需要权限","com.miui.bugreport.permission.DUMP_CACHED_LOG",""
"com.miui.gallery.search","相册","com.miui.gallery","第三方","需要权限","com.miui.gallery.permission.SEARCH",""
"com.miui.gallery.scanner","相册","com.miui.gallery","第三方","需要权限","com.miui.gallery.permission.MEDIA_SCANNER",""
"com.baidu.input_mi.TTMultiProvider","百度输入法","com.baidu.input_mi","第三方","未导出（第三方读不到）","—",""
"com.baidu.input_mi.bd.provider","百度输入法","com.baidu.input_mi","第三方","未导出（第三方读不到）","—",""
"com.tencent.mobileqq.huawei.push.provider","QQ","com.tencent.mobileqq","第三方","需要权限","com.tencent.mobileqq.permission.PUSH_PROVIDER",""
"com.android.soundrecorder.settingprovider.RecSettingProvider","录音机","com.android.soundrecorder","第三方","可读","","Row: 0 title=录音机, summaryOn=应用设置/其他设置/系统应用设置/录音机, summaryOff=NULL, keywords=录音机, iconResId=NULL, intentAction=miui.intent.action.APP_SETTINGS, intentTargetPackage=com.android.soundrecorder, intentTargetClass=com.android.soundrecorder.SoundR…"
"weather.location","天气","com.miui.weather2","第三方","需要权限","com.miui.weather2.permission.QUERY_LOCATION",""
"com.miui.gallery.app_tool_test","相册","com.miui.gallery","第三方","未导出（第三方读不到）","—",""
"com.android.calendar.common.CalendarRecentSuggestionsProvider","日历","com.android.calendar","第三方","未导出（第三方读不到）","—",""
"com.tencent.mobileqq.external.fileprovider","QQ","com.tencent.mobileqq","第三方","未导出（第三方读不到）","—",""
"com.tencent.mm.androidx-startup","微信","com.tencent.mm","第三方","未导出（第三方读不到）","—",""
"com.baidu.input_mi.passfileprovider","百度输入法","com.baidu.input_mi","第三方","未导出（第三方读不到）","—",""
"com.miui.gallery.androidx-startup","相册","com.miui.gallery","第三方","未导出（第三方读不到）","—",""
"com.miui.gallery.mishow","相册","com.miui.gallery","第三方","需要权限","com.miui.gallery.permission.MI_SHOW",""
"com.tencent.mobileqq.aaidinitprovider","QQ","com.tencent.mobileqq","第三方","未导出（第三方读不到）","—",""
"com.android.calendar.settings.CalendarSettingsSearchProvider","日历","com.android.calendar","第三方","可读","","Row: 0 title=账号管理, summaryOn=NULL, summaryOff=NULL, keywords=NULL, iconResId=NULL, intentAction=, intentTargetPackage=com.android.calendar, intentTargetClass=com.android.calendar.selectcalendars.CalendarAccountManagerActivity, uriString=NUL…"
"com.mi.health.provider.device","小米运动健康","com.mi.health","第三方","可读·无数据","",""
"com.baidu.input_mi.ime.inputcontent","百度输入法","com.baidu.input_mi","第三方","未导出（第三方读不到）","—",""
"com.tencent.mm.plugin.ext.SNS","微信","com.tencent.mm","第三方","需要权限","com.tencent.mm.ext.permission.READ",""
"com.tencent.mm.AppForegroundDelegate.Provider","微信","com.tencent.mm","第三方","未导出（第三方读不到）","—",""
"com.miui.mediaeditor.provider.bugreport","相册编辑","com.miui.mediaeditor","第三方","需要权限","com.miui.bugreport.permission.DUMP_CACHED_LOG",""
"notes","小米笔记","com.miui.notes","第三方","可读·无数据","",""
"com.tencent.mobileqq.shareFileProvide","QQ","com.tencent.mobileqq","第三方","未导出（第三方读不到）","—",""
"com.baidu.input_mi.pms.db.provider","百度输入法","com.baidu.input_mi","第三方","未导出（第三方读不到）","—",""
"com.tencent.mobileqq.eipcmobileqq","QQ","com.tencent.mobileqq","第三方","未导出（第三方读不到）","—",""
"com.baidu.input_mi.pangle.provider.proxy.main","百度输入法","com.baidu.input_mi","第三方","未导出（第三方读不到）","—",""
"com.baidu.input_mi.dprefrenceprovider","百度输入法","com.baidu.input_mi","第三方","未导出（第三方读不到）","—",""
"com.baidu.input_mi.sofire.ac.provider","百度输入法","com.baidu.input_mi","第三方","未导出（第三方读不到）","—",""
"com.tencent.mobileqq.rmonitor-installer","QQ","com.tencent.mobileqq","第三方","未导出（第三方读不到）","—",""
"ai.x.grok.IntercomFileProvider","Grok","ai.x.grok","第三方","未导出（第三方读不到）","—",""
"com.miui.gallery.micloudprovider","相册","com.miui.gallery","第三方","需要权限","com.android.providers.media.permission.MANAGE_CLOUD_MEDIA_PROVIDERS",""
"com.tencent.mm.plugin.ext.ExtContentProviderBase","微信","com.tencent.mm","第三方","未导出（第三方读不到）","—",""
"com.android.soundrecorder.cloudservices","录音机","com.android.soundrecorder","第三方","可读·无数据","",""
"com.miui.notes.provider.bugreport","小米笔记","com.miui.notes","第三方","需要权限","com.miui.bugreport.permission.DUMP_CACHED_LOG",""
"com.tencent.mm.lifecycle-process","微信","com.tencent.mm","第三方","未导出（第三方读不到）","—",""
"com.tencent.mm.plugin.gamecenter.gameResProvider","微信","com.tencent.mm","第三方","可读·无数据","",""
"ai.x.grok.IntercomInitializeContentProvider","Grok","ai.x.grok","第三方","未导出（第三方读不到）","—",""
"com.miui.gallery.cloud.provider","相册","com.miui.gallery","第三方","需要权限","com.xiaomi.gallery.permission.CLOUD",""
"com.miui.gallery.cloud.baby.wallpaper_provider","相册","com.miui.gallery","第三方","需要权限","com.xiaomi.gallery.permission.CLOUD",""
"com.tencent.mobileqq.lifecycle-process","QQ","com.tencent.mobileqq","第三方","未导出（第三方读不到）","—",""
"com.android.calendar.provider.bugreport","日历","com.android.calendar","第三方","需要权限","com.miui.bugreport.permission.DUMP_CACHED_LOG",""
"com.baidu.input_mi.fileprovider","百度输入法","com.baidu.input_mi","第三方","未导出（第三方读不到）","—",""
"com.miui.calendar.provider","日历","com.android.calendar","第三方","可读·无数据","",""
"com.tencent.mobileqq.openapidata","QQ","com.tencent.mobileqq","第三方","未导出（第三方读不到）","—",""
"com.app.yesha.androidx-startup","","com.app.yesha","第三方","未导出（第三方读不到）","—",""
"com.miui.gallery.mediaeditor.authority","相册","com.miui.gallery","第三方","可读·无数据","",""
"com.miui.gallery.open_api","相册","com.miui.gallery","第三方","需要权限","com.miui.gallery.permission.USE_API",""
"com.tencent.mm.plugin.lite.logic.LiteAppInfo","微信","com.tencent.mm","第三方","未导出（第三方读不到）","—",""
"io.wallpaperengine.weclient","Wallpaper Engine","io.wallpaperengine.weclient","第三方","未导出（第三方读不到）","—",""
"com.app.yesha.files","","com.app.yesha","第三方","需要权限","that",""
"com.tencent.mobileqq.ApolloFileprovider","QQ","com.tencent.mobileqq","第三方","未导出（第三方读不到）","—",""
"com.baidu.input_mi.provider.ipc.server","百度输入法","com.baidu.input_mi","第三方","未导出（第三方读不到）","—",""
"io.wallpaperengine.weclient.androidx-startup","Wallpaper Engine","io.wallpaperengine.weclient","第三方","未导出（第三方读不到）","—",""
"com.tencent.mm.app.provider.ShareableChatRecords","微信","com.tencent.mm","第三方","需要权限","com.tencent.mm.app.provider.ShareableChatRecords.READ_BY_CONSENT",""
"com.tencent.mm.plugin.gwallet.queryprovider","微信","com.tencent.mm","第三方","未导出（第三方读不到）","—",""
"com.tencent.mm.storage.provider.emotion","微信","com.tencent.mm","第三方","未导出（第三方读不到）","—",""
"com.miui.gallery.aitoolbox","相册","com.miui.gallery","第三方","需要权限","com.miui.gallery.permission.ACCESS_AI_TOOLBOX",""
"com.miui.calendar","日历","com.android.calendar","第三方","可读·无数据","",""
"com.tencent.mobileqq.instantShared","QQ","com.tencent.mobileqq","第三方","可读·无数据","",""
"com.android.soundrecorder.airecordprovider","录音机","com.android.soundrecorder","第三方","可读·无数据","",""
"com.miui.notes.ai.text.widget.provider","小米笔记","com.miui.notes","第三方","其它","","Error while accessing provider:com.miui.notes.ai.text.widget.provider"
"com.tencent.mm.wxa_critical_content","微信","com.tencent.mm","第三方","未导出（第三方读不到）","—",""
"com.baidu.input_mi.gdt.fileprovider","百度输入法","com.baidu.input_mi","第三方","未导出（第三方读不到）","—",""
"com.android.calendar.fileprovider","日历","com.android.calendar","第三方","未导出（第三方读不到）","—",""
"com.tencent.mqq.shared_file_accessor.ContentProviderImpl","QQ","com.tencent.mobileqq","第三方","未导出（第三方读不到）","—",""
"com.mi.health.provider.main","小米运动健康","com.mi.health","第三方","需要权限","（未识别）",""
"com.miui.notes.cloudservices","小米笔记","com.miui.notes","第三方","需要权限","com.xiaomi.permission.CLOUD_MANAGER",""
"com.tencent.mm.open_voice_control.info","微信","com.tencent.mm","第三方","可读·无数据","",""
"com.miui.todo.provider","小米笔记","com.miui.notes","第三方","可读·无数据","",""
"com.miui.mediaeditor.com.qcloud.cos.avif","相册编辑","com.miui.mediaeditor","第三方","未导出（第三方读不到）","—",""
"com.mi.health.provider.menstruation","小米运动健康","com.mi.health","第三方","需要权限","com.mi.health.provider.permission.read_menstruation",""
"com.miui.mediaeditor.debug.provider","相册编辑","com.miui.mediaeditor","第三方","需要权限","com.miui.mediaeditor.permission.DebugProvider",""
"com.app.yesha.firebaseinitprovider","","com.app.yesha","第三方","未导出（第三方读不到）","—",""
"com.tencent.mobileqq.openapi.provider","QQ","com.tencent.mobileqq","第三方","可读","","Row: 0 rs_code=-6"
"com.tencent.mm.provider.expansions","微信","com.tencent.mm","第三方","未导出（第三方读不到）","—",""
"com.android.soundrecorder.passport.fileprovider","录音机","com.android.soundrecorder","第三方","未导出（第三方读不到）","—",""
"com.tencent.mm.plugin.ext.SearchContact","微信","com.tencent.mm","第三方","需要权限","com.tencent.mm.ext.permission.READ",""
"com.android.soundrecorder.provider","录音机","com.android.soundrecorder","第三方","未导出（第三方读不到）","—",""
"com.miui.gallery.provider.SUB_DATA","相册","com.miui.gallery","第三方","需要权限","com.miui.gallery.permission.READ_GALLERY_DATA",""
"com.tencent.mobileqq.AGCInitializeProvider","QQ","com.tencent.mobileqq","第三方","未导出（第三方读不到）","—",""
"com.miui.mediaeditor.api","相册编辑","com.miui.mediaeditor","第三方","需要权限","com.miui.mediaeditor.api.PROVIDER",""
"com.tencent.mm.external.fileprovider","微信","com.tencent.mm","第三方","未导出（第三方读不到）","—",""
"com.baidu.input_mi.pangle.servermanager.main","百度输入法","com.baidu.input_mi","第三方","未导出（第三方读不到）","—",""
"com.tencent.mm.sdk.comm.provider","微信","com.tencent.mm","第三方","可读·无数据","",""
"com.tencent.mm.plugin.ext.entry","微信","com.tencent.mm","第三方","需要权限","com.tencent.mm.ext.permission.READ",""
"com.tencent.mobileqq.consolelogfileprovider","QQ","com.tencent.mobileqq","第三方","未导出（第三方读不到）","—",""
"com.baidu.input_mi.pangle.fileprovider","百度输入法","com.baidu.input_mi","第三方","未导出（第三方读不到）","—",""
"com.app.yesha.im.crisp.client.uploadfileprovider","","com.app.yesha","第三方","未导出（第三方读不到）","—",""
"com.tencent.mobileqq.wmpf.imagepicker.provider","QQ","com.tencent.mobileqq","第三方","未导出（第三方读不到）","—",""
"qq.emoticon","QQ","com.tencent.mobileqq","第三方","未导出（第三方读不到）","—",""
"com.miui.mediaeditor.fileProvider","相册编辑","com.miui.mediaeditor","第三方","未导出（第三方读不到）","—",""
"com.miui.mediaeditor.action.provider","相册编辑","com.miui.mediaeditor","第三方","需要权限","hyperos.permission.READ_AIACTION",""
"com.tencent.mobileqq.wxa_critical_content","QQ","com.tencent.mobileqq","第三方","未导出（第三方读不到）","—",""
"com.miui.gallery.open_helper.authority","相册","com.miui.gallery","第三方","需要权限","com.xiaomi.gallery.permission.CLOUD",""
"com.tencent.mm.recovery.file.provider","微信","com.tencent.mm","第三方","未导出（第三方读不到）","—",""
"records","录音机","com.android.soundrecorder","第三方","需要权限","miui.permission.ACCESS_RECORDS",""
"com.miui.notes.ai.startup","小米笔记","com.miui.notes","第三方","未导出（第三方读不到）","—",""
"com.android.soundrecorder.androidx-startup","录音机","com.android.soundrecorder","第三方","未导出（第三方读不到）","—",""
"com.android.soundrecorder.ai.widget.provider","录音机","com.android.soundrecorder","第三方","其它","","Error while accessing provider:com.android.soundrecorder.ai.widget.provider"
"com.android.soundrecorder.fileprovider","录音机","com.android.soundrecorder","第三方","未导出（第三方读不到）","—",""
"com.miui.mediaeditor.androidx-startup","相册编辑","com.miui.mediaeditor","第三方","未导出（第三方读不到）","—",""
"qq.friendlist","QQ","com.tencent.mobileqq","第三方","未导出（第三方读不到）","—",""
"richframework-authority.com.tencent.mobileqq","QQ","com.tencent.mobileqq","第三方","未导出（第三方读不到）","—",""
"com.baidu.input_mi","百度输入法","com.baidu.input_mi","第三方","未导出（第三方读不到）","—",""
"com.miui.notes.androidx-startup","小米笔记","com.miui.notes","第三方","未导出（第三方读不到）","—",""
"ai.x.grok.firebaseinitprovider","Grok","ai.x.grok","第三方","未导出（第三方读不到）","—",""
"com.tencent.mm.ad.waid","微信","com.tencent.mm","第三方","可读","","Row: 0 pkg=, appWaid=, errCode=2"
"com.tencent.mobileqq.pandoraprovider","QQ","com.tencent.mobileqq","第三方","未导出（第三方读不到）","—",""
"com.android.calendar.passport.fileprovider","日历","com.android.calendar","第三方","未导出（第三方读不到）","—",""
"com.tencent.mm.plugin.recordvideo.background.provider.WeSeeProvider","微信","com.tencent.mm","第三方","可读·无数据","",""
"com.miui.gallery.xmscore","相册","com.miui.gallery","第三方","可读·无数据","",""
"com.tencent.common.config.provider.QZoneConfigProvider","QQ","com.tencent.mobileqq","第三方","未导出（第三方读不到）","—",""
"com.tencent.mm.sdk.plugin.provider","微信","com.tencent.mm","第三方","可读·无数据","",""
"com.baidu.input_mi.helios.ipc.default","百度输入法","com.baidu.input_mi","第三方","未导出（第三方读不到）","—",""
"com.miui.gallery.provider.SettingsSearchProvider","相册","com.miui.gallery","第三方","可读·无数据","",""
"com.tencent.mm.plugin.normsg.NMInfo","微信","com.tencent.mm","第三方","可读·无数据","",""
"com.miui.mediaeditor.provider.fileProvider","相册编辑","com.miui.mediaeditor","第三方","未导出（第三方读不到）","—",""
"com.android.calendar.androidx-startup","日历","com.android.calendar","第三方","未导出（第三方读不到）","—",""
"ai.x.grok.com.plaid.link.internal.PlaidFileProvider","Grok","ai.x.grok","第三方","未导出（第三方读不到）","—",""
"com.tencent.mm.sdk.platformtools.MultiProcessSharedPreferences","微信","com.tencent.mm","第三方","未导出（第三方读不到）","—",""
"com.miui.gallery","相册","com.miui.gallery","第三方","需要权限","hyperos.permission.READ_AIACTION",""
"com.miui.weather2.androidx-startup","天气","com.miui.weather2","第三方","未导出（第三方读不到）","—",""
"com.baidu.input_mi.lifecycle-process","百度输入法","com.baidu.input_mi","第三方","未导出（第三方读不到）","—",""
"com.miui.gallery.open","相册","com.miui.gallery","第三方","未导出（第三方读不到）","—",""
"com.miui.notes","小米笔记","com.miui.notes","第三方","未导出（第三方读不到）","—",""
"com.tencent.mm.firebaseinitprovider","微信","com.tencent.mm","第三方","未导出（第三方读不到）","—",""
"ai.x.grok.jlatexmathinitprovider","Grok","ai.x.grok","第三方","未导出（第三方读不到）","—",""
"com.tencent.mm.plugin.ext.message","微信","com.tencent.mm","第三方","需要权限","com.tencent.mm.ext.permission.READ",""
"com.miui.gallery.extracontent","相册","com.miui.gallery","第三方","未导出（第三方读不到）","—",""
"com.baidu.input_mi.TTFileProvider","百度输入法","com.baidu.input_mi","第三方","未导出（第三方读不到）","—",""
"com.android.soundrecorder.AndroidAopContentProvider","录音机","com.android.soundrecorder","第三方","未导出（第三方读不到）","—",""
"com.app.yesha.flutter.image_provider","","com.app.yesha","第三方","未导出（第三方读不到）","—",""
"ai.x.grok.xexternalfileprovider","Grok","ai.x.grok","第三方","未导出（第三方读不到）","—",""
"com.miui.trans.provider","小米笔记","com.miui.notes","第三方","可读·无数据","",""
"com.tencent.mm.plugin.ext.NearBy","微信","com.tencent.mm","第三方","需要权限","com.tencent.mm.ext.permission.READ",""
"com.tencent.mm.plugin.ext.AccountSync","微信","com.tencent.mm","第三方","需要权限","com.tencent.mm.ext.permission.READ",""
"com.miui.notes.action","小米笔记","com.miui.notes","第三方","可读·无数据","",""
"com.miui.weather2.provider.bugreport","天气","com.miui.weather2","第三方","需要权限","com.miui.bugreport.permission.DUMP_CACHED_LOG",""
"ai.x.grok.androidx-startup","Grok","ai.x.grok","第三方","未导出（第三方读不到）","—",""
"telephony","","com.android.providers.telephony","系统","可读·无数据","",""
"mms","","com.android.providers.telephony","系统","可读","","Row: 0 _id=4, thread_id=190, date=1786083664, date_sent=1786083662, msg_box=1, read=1, m_id=NULL, sub=æå¸®åï¼æ¨å½æ¦ä¸ï¼å·¥èµç°ç», sub_cs=106, ct_t=application/vnd.wap.multipart.related, ct_l=NULL, exp=NULL, m_cls=NULL, m_type=1…"
"settings","","com.android.providers.settings","系统","URI 不存在","",""
"sms","","com.android.providers.telephony","系统","可读","","Row: 0 _id=672, thread_id=262, address=10620121110, person=NULL, date=1791532805223, date_sent=1791532804000, protocol=0, read=0, status=-1, type=1, reply_path_present=0, subject=NULL, body=【中国移动 气象快讯】今天夜里多云，明天多云到阴，局部短时阵雨，东北风3到4级，明晨最低气温16℃，…"
"mms-sms","","com.android.providers.telephony","系统","其它","","Error while accessing provider:mms-sms"
"com.android.mms.MmsAiActionProvider","短信","com.android.mms","系统","可读·无数据","",""
"com.xiaomi.xmsf.provider.MiCloudSettingsProvider","","com.xiaomi.xmsf","系统","URI 不存在","",""
"com.xiaomi.aiservice.authority.download","","com.xiaomi.aiservice","系统","需要权限","com.xiaomi.aiservice.permission.AI_ABILITY",""
"com.android.settings.globalsearch","","com.android.htmlviewer","系统","需要权限","com.android.setting.permission.GLOBAL_SEARCH",""
"com.android.settings.provider.aiaction.AiActionWifiProvider","设置","com.android.settings","系统","可读·无数据","",""
"com.android.mms.SuggestionsProvider","短信","com.android.mms","系统","其它","","Error while accessing provider:com.android.mms.SuggestionsProvider"
"com.android.provider.downloads.androidx-startup","","com.android.providers.downloads","系统","未导出（第三方读不到）","—",""
"com.xiaomi.misettings.provider.AppDataProvider","","com.xiaomi.misettings","系统","需要权限","com.xiaomi.misettings.permission.ACCESS_APP_DATA",""
"com.android.camera.settings.CameraSettingsSearchProvider","相机","com.android.camera","系统","可读","","Row: 0 title=照片质量, summaryOn=NULL, summaryOff=NULL, keywords=NULL, iconResId=NULL, intentAction=miui.intent.action.CAMERA_SETTINGS, intentTargetPackage=com.android.camera, intentTargetClass=com.android.camera.CameraPreferenceActivity, uriSt…"
"com.android.providers.telephony.heduohaoprovider","","com.android.providers.telephony","系统","需要权限","com.miui.mipub.permission.READ_HEDUOHAO",""
"com.milink.service.media.fileprovider","","com.milink.service","系统","未导出（第三方读不到）","—",""
"com.miui.superwallpaper.SuperWPSettingsSearchProvider","","com.miui.miwallpaper","系统","可读","","Row: 0 title=月球, summaryOn=壁纸/超级壁纸/月球, summaryOff=NULL, keywords=月球;超级月球;超级壁纸;壁纸, iconResId=2131558403, intentAction=, intentTargetPackage=com.android.thememanager, intentTargetClass=com.android.thememanager.settings.ThemeAndWallpaperSettin…"
"com.android.bluetooth.ble.settingsprovider","","com.xiaomi.bluetooth","系统","需要权限","miui.permission.ADMIN_BLE_SETTINGS",""
"com.xiaomi.misettings.MiSettingsSearchProvider","","com.xiaomi.misettings","系统","可读","","Row: 0 title=电话铃声, summaryOn=声音与振动, summaryOff=NULL, keywords=NULL, iconResId=0, intentAction=miui.intent.action.COOL_SOUND_PHONE_SEARCH, intentTargetPackage=com.xiaomi.misettings, intentTargetClass=com.android.settings.coolsound.CoolSoundP…"
"contacts;com.android.contacts","","com.android.providers.contacts","系统","无响应","",""
"com.miui.personalassistant.service.aireco.search.AiRecoSettingsSearchProvider","","com.miui.personalassistant","系统","可读","","Row: 0 title=小爱建议, summaryOn=NULL, summaryOff=NULL, keywords=, iconResId=NULL, intentAction=, intentTargetPackage=com.miui.personalassistant, intentTargetClass=com.miui.personalassistant.service.aireco.setting.ui.RecommendationActivity, uri…"
"com.android.providers.downloads.documents","","com.android.providers.downloads","系统","需要权限","that",""
"com.google.settings","","com.google.android.gms","系统","URI 不存在","",""
"com.xiaomi.subscreencenter.settings.SubScreenAppProvider","","com.xiaomi.subscreencenter","系统","未导出（第三方读不到）","—",""
"call_log","","com.android.providers.contacts","系统","URI 不存在","",""
"com.android.settings.emergency.SosContactsProvider","设置","com.android.settings","系统","需要权限","com.miui.emergency.READ_SOS_CONTACTS",""
"com.xiaomi.subscreencenter.settings.SettingsSearchProvider","","com.xiaomi.subscreencenter","系统","可读","","Row: 0 title=亮灭屏, summaryOn=妙享背屏/背屏操作教程/亮灭屏, summaryOff=NULL, keywords=NULL, iconResId=2131230946, intentAction=NULL, intentTargetPackage=com.xiaomi.subscreencenter, intentTargetClass=com.xiaomi.subscreencenter.settings.GuideDetailSetting, …"
"com.miui.home.launcher.settings","桌面","com.miui.home","系统","需要权限","com.android.launcher.permission.READ_SETTINGS",""
"com.google.android.gms.settings.persistent","","com.google.android.gms","系统","其它","","Error while accessing provider:com.google.android.gms.settings.persistent"
"com.android.settings.banner.BannerProvider","","com.xiaomi.misettings","系统","需要权限","com.xiaomi.misettings.SETTINGS_BANNER",""
"com.android.settings.homepage.CardContentProvider","设置","com.android.settings","系统","需要权限","android.permission.WRITE_SETTINGS_HOMEPAGE_DATA",""
"com.android.phone.settings","","com.android.phone","系统","可读","","Row: 0 title=通话录音, summaryOn=应用设置/其他设置/系统应用设置/电话/通话录音, summaryOff=NULL, keywords=NULL, iconResId=0, intentAction=, intentTargetPackage=com.android.phone, intentTargetClass=com.android.phone.settings.CallRecordSetting, uriString=NULL, extras…"
"com.miui.weather2map.Weather2LocationProvider","","com.miui.core","系统","需要权限","com.miui.weather2.permission.WEATHER_MAP",""
"com.miui.contacts","","com.android.providers.contacts","系统","可读·无数据","",""
"com.android.settings.slices;android.settings.slices","设置","com.android.settings","系统","无响应","",""
"com.xiaomi.misettings.usagestats.screentimemainprocessprovider","","com.xiaomi.misettings","系统","未导出（第三方读不到）","—",""
"com.xiaomi.misettings.androidx-startup","","com.xiaomi.misettings","系统","未导出（第三方读不到）","—",""
"call_log_shadow","","com.android.providers.contacts","系统","需要权限","android.permission.MANAGE_USERS",""
"media","媒体存储","com.android.providers.media.module","系统","其它","","Error while accessing provider:media"
"com.xiaomi.account.provider.XiaomiAccountSettingsNotificationProvider","安全中心","com.miui.securitycenter","系统","需要权限","com.miui.globalsatisfaction.permission.PROVIDER",""
