"深链","说明","响应数","谁响应"
"weixin://","微信","1","微信(com.tencent.mm)"
"weixin://scanqrcode","微信·扫一扫","1","微信(com.tencent.mm)"
"weixin://dl/scan","微信·扫一扫（旧格式）","1","微信(com.tencent.mm)"
"mqq://","QQ","1","QQ(com.tencent.mobileqq)"
"mqqwpa://","QQ·语音通话","1","QQ(com.tencent.mobileqq)"
"mqqapi://","QQ·开放接口","1","QQ(com.tencent.mobileqq)"
"wxwork://","企业微信","1","企业微信(com.tencent.wework)"
"lark://","飞书","0","（无人响应）"
"feishu://","飞书（旧格式）","0","（无人响应）"
"taobao://","淘宝","1","淘宝(com.taobao.taobao)"
"taobao://item.taobao.com/item.htm","淘宝·商品页","1","淘宝(com.taobao.taobao)"
"tmall://","天猫","0","（无人响应）"
"alipays://","支付宝","1","支付宝(com.eg.android.AlipayGphone)"
"alipayqr://","支付宝·扫码","1","支付宝(com.eg.android.AlipayGphone)"
"fleamarket://","闲鱼","1","闲鱼(com.taobao.idlefish)"
"pinduoduo://","拼多多","1","拼多多(com.xunmeng.pinduoduo)"
"openapp.jdmobile://","京东","1","京东(com.jingdong.app.mall)"
"imeituan://","美团","1","美团(com.sankuai.meituan)"
"dianping://","大众点评","1","大众点评(com.dianping.v1)"
"ctrip://","携程","0","（无人响应）"
"cn.12306://","铁路12306","1","铁路12306(com.MobileTicket)"
"amapuri://","高德地图","1","高德地图(com.autonavi.minimap)"
"androidamap://","高德地图（旧格式）","0","（无人响应）"
"baidumap://","百度地图","0","（无人响应）"
"zhihu://","知乎","1","知乎(com.zhihu.android)"
"zhihu://questions/1","知乎·问题页","1","知乎(com.zhihu.android)"
"bilibili://","哔哩哔哩","0","（无人响应）"
"bilibili://video/1","哔哩哔哩·视频页","1","哔哩哔哩(tv.danmaku.bili)"
"xhsdiscover://","小红书","0","（无人响应）"
"xhsdiscover://item/1","小红书·笔记页","1","小红书(com.xingin.xhs)"
"sinaweibo://","微博","0","（无人响应）"
"orpheus://song/1","网易云·播放歌曲","1","网易云音乐(com.netease.cloudmusic)"
"orpheus://playlist/1","网易云·打开歌单","1","网易云音乐(com.netease.cloudmusic)"
"orpheus://album/1","网易云·打开专辑","1","网易云音乐(com.netease.cloudmusic)"
"orpheus://artist/1","网易云·打开歌手","1","网易云音乐(com.netease.cloudmusic)"
"orpheus://dj/1","网易云·电台","1","网易云音乐(com.netease.cloudmusic)"
"snssdk1128://","抖音","1","抖音(com.ss.android.ugc.aweme)"
"aweme://","抖音（旧格式）","0","（无人响应）"
"kwai://","快手","0","（无人响应）"
"vnd.youtube://","YouTube","1","YouTube(com.google.android.youtube)"
"googlegmail://","Gmail","0","（无人响应）"
"instagram://","Instagram","0","（无人响应）"
"twitter://","X (Twitter)","1","X (Twitter)(com.twitter.android)"
"tg://","Telegram","2","Telegram(org.telegram.messenger)、Telegram X(org.thunderdog.challegram)"
"notion://","Notion","1","Notion(notion.id)"
"steam://","Steam","0","（无人响应）"
"mega://","MEGA","1","MEGA(mega.privacy.android.app)"
"github://","GitHub","1","GitHub(com.github.android)"
"wpsoffice://","WPS Office","1","WPS Office(cn.wps.moffice_eng)"
"mishop://","小米商城","1","小米商城(com.xiaomi.shop)"
"mihome://","米家","1","米家(com.xiaomi.smarthome)"
"mobileclaw://","MobileClaw（你自己的 App）","1","MobileClaw（你开发的）(dev.mobileclaw.app)"
"https://github.com/a/b","网页链接·GitHub（对照）","3","小米浏览器(com.android.browser)、GitHub(com.github.android)、UC浏览器(com.UCMobile)"
"https://www.example.com","网页链接·通用（对照）","2","小米浏览器(com.android.browser)、UC浏览器(com.UCMobile)"
"geo:0,0?q=test","标准·地图坐标","2","高德地图(com.autonavi.minimap)、百度地图(com.baidu.BaiduMap)"
"tel:10086","标准·拨号","1","联系人(com.android.contacts)"
"smsto:10086","标准·短信","1","短信(com.android.mms)"
"mailto:a@b.com","标准·邮件","2","邮件(com.android.email)、Gmail(com.google.android.gm)"
