"App","包名","实现的服务"
"番茄免费小说","com.dragon.read","com.dragon.read/com.xs.fm.player.base.component.service.FMPlayService"
"小说阅读","com.phoenix.read","com.phoenix.read/com.xs.fm.player.base.component.service.FMPlayService"
"喜马拉雅","com.xs.fm","com.xs.fm/com.dragon.read.reader.speech.core.AudioService"
"","com.android.bluetooth","com.android.bluetooth/.avrcpcontroller.BluetoothMediaBrowserService"
"","com.android.music","com.android.music/.MediaPlaybackService"
"","com.miui.mediaviewer","com.miui.mediaviewer/com.miui.musicplayer.service.MusicService"
"百度网盘","com.baidu.netdisk","com.baidu.netdisk/.service.NetdiskMediaBrowserService"
"百度","com.baidu.searchbox","com.baidu.searchbox/com.baidu.android.pushservice.ach.service.MediaBrowserService"
"大众点评","com.dianping.v1","com.dianping.v1/com.dianping.videoview.widget.notification.DPMediaService"
"YouTube","com.google.android.youtube","com.google.android.youtube/com.google.android.apps.youtube.app.extensions.mediabrowser.impl.MainAppMediaBrowserService"
"海贝音乐","com.hiby.music","com.hiby.music/.service.HiByMusicService"
"网易云音乐","com.netease.cloudmusic","com.netease.cloudmusic/.module.ucar.UCarService"
"抖音","com.ss.android.ugc.aweme","com.ss.android.ugc.aweme/.player.plugin.mediasession.common.MediaSessionService"
"淘宝","com.taobao.taobao","com.taobao.taobao/com.taobao.avplayer.music.BackgroundAudioService"
"无畏契约","com.tencent.apps.valorant","com.tencent.apps.valorant/com.tencent.qtl.framework.musicplayer.MusicService"
"微信","com.tencent.mm","com.tencent.mm/.plugin.finder.media.FinderLiveMediaBrowserService"
"","my.maya.android","my.maya.android/com.ss.android.ugc.aweme.player.plugin.mediasession.common.MediaSessionService"
"Telegram","org.telegram.messenger","org.telegram.messenger/.MusicBrowserService"
